6768,Janshadapti Express,13:00,Mumbai Central ,Delhi Central ,500,1000
6612,Kanyakumari Express,14:00,Trivandrum Junction,Kanyakumari Station,200,800
6600,Chennai Express,15:00,Ernakulam Junction ,Madras Station,700,1400
6998,Nagarcoil Express,17:05,Nagarcoil,Mumbai,500,2500
7676,Garib Radh,02:37,Delhi,Trivandrum,200,700
1267,Suratkal Express,15:34,Suratkal,Kollam,400,800
6768,Janshadapti Express,13:00,Mumbai Central ,Delhi Central ,500,1000
6612,Kanyakumari Express,14:00,Trivandrum Junction,Kanyakumari Station,200,800
6600,Chennai Express,15:00,Ernakulam Junction ,Madras Station,700,1400
6998,Nagarcoil Express,17:05,Nagarcoil,Mumbai,500,2500
7676,Garib Radh,02:37,Delhi,Trivandrum,200,700
1628,Demu,18:56,Ernakulam,Trivandrum,200,700
1111,Nay Express,16:07,Gujrat Central,Chennai Central,Gujrat Central,1000,1000
